Name,Platform,Year_of_Release,Genre,Publisher,NA_Sales,EU_Sales,JP_Sales,Other_Sales,Global_Sales,Critic_Score,Critic_Count
Call of Duty: Black Ops 3,PS4,2015,Shooter,Activision,6.03,5.86,0.36,2.38,14.63,81,87
Pokemon X/Pokemon Y,3DS,2013,Role-Playing,Nintendo,5.28,4.19,4.35,0.78,14.6,87,71
Mario Kart 7,3DS,2011,Racing,Nintendo,5.03,4.02,2.69,0.91,12.66,85,73
Grand Theft Auto V,PS4,2014,Action,Take-Two Interactive,3.96,6.31,0.38,1.97,12.61,97,66
Pokemon Omega Ruby/Pokemon Alpha Sapphire,3DS,2014,Role-Playing,Nintendo,4.35,3.49,3.1,0.74,11.68,83,61
Super Mario 3D Land,3DS,2011,Platform,Nintendo,4.89,3,2.14,0.78,10.81,90,82
New Super Mario Bros. 2,3DS,2012,Platform,Nintendo,3.66,3.14,2.47,0.63,9.9,78,70
Animal Crossing: New Leaf,3DS,2012,Simulation,Nintendo,2.03,2.36,4.39,0.39,9.16,88,70
FIFA 16,PS4,2015,Sports,Electronic Arts,1.12,6.12,0.06,1.28,8.57,82,42
Star Wars Battlefront (2015),PS4,2015,Shooter,Electronic Arts,2.99,3.49,0.22,1.28,7.98,73,59
Call of Duty: Advanced Warfare,PS4,2014,Shooter,Activision,2.81,3.48,0.14,1.23,7.66,83,39
FIFA 17,PS4,2016,Sports,Electronic Arts,0.66,5.75,0.08,1.11,7.59,85,41
Super Smash Bros. for Wii U and 3DS,3DS,2014,Fighting,Nintendo,3.27,1.37,2.43,0.48,7.55,92,77
Call of Duty: Black Ops 3,XOne,2015,Shooter,Activision,4.59,2.11,0.01,0.68,7.39,81,15
Fallout 4,PS4,2015,Role-Playing,Bethesda Softworks,2.53,3.27,0.24,1.13,7.16,87,58
Pokemon Sun/Moon,3DS,2016,Role-Playing,Nintendo,2.98,1.45,2.26,0.45,7.14,87,87
Mario Kart 8,WiiU,2014,Racing,Nintendo,3.15,2.15,1.28,0.51,7.09,88,82
FIFA 15,PS4,2014,Sports,Electronic Arts,0.8,4.33,0.05,0.9,6.08,82,47
Destiny,PS4,2014,Shooter,Activision,2.49,2.07,0.16,0.92,5.64,76,95
Grand Theft Auto V,XOne,2014,Action,Take-Two Interactive,2.81,2.19,0,0.47,5.48,97,14
Uncharted 4: A Thief's End,PS4,2016,Shooter,Sony Computer Entertainment,1.85,2.5,0.19,0.85,5.38,93,113
Call of Duty: Advanced Warfare,XOne,2014,Shooter,Activision,3.22,1.55,0.01,0.48,5.27,81,53
Tomodachi Life,3DS,2013,Simulation,Nintendo,0.97,2.11,1.9,0.24,5.23,71,52
New Super Mario Bros. U,WiiU,2012,Platform,Nintendo,2.3,1.34,1.27,0.32,5.22,84,70
Diablo III,PC,2012,Role-Playing,Activision,2.44,2.16,0,0.54,5.14,88,86
Super Smash Bros. for Wii U and 3DS,WiiU,2014,Fighting,Nintendo,2.6,1.08,0.81,0.38,4.87,92,77
StarCraft II: Wings of Liberty,PC,2010,Strategy,Activision,2.57,1.68,0,0.58,4.84,93,82
The Last of Us,PS4,2014,Action,Sony Computer Entertainment,1.88,2,0.07,0.77,4.71,95,70
Uncharted: The Nathan Drake Collection,PS4,2015,Action,Sony Computer Entertainment,2.07,1.71,0.08,0.76,4.62,86,78
Luigi's Mansion: Dark Moon,3DS,2013,Action,Nintendo,1.8,1.39,1.11,0.29,4.59,86,74
Halo 5: Guardians,XOne,2015,Shooter,Microsoft Game Studios,2.78,1.27,0.03,0.41,4.48,84,101
Call of Duty: Infinite Warfare,PS4,2016,Shooter,Activision,1.61,2,0.15,0.71,4.46,77,82
Splatoon,WiiU,2015,Shooter,Nintendo,1.54,1.18,1.46,0.26,4.43,81,88
Nintendo Land,WiiU,2012,Misc,Nintendo,2.52,1.11,0.46,0.33,4.42,77,61
The Legend of Zelda: Ocarina of Time,3DS,2011,Action,Nintendo,2.09,1.31,0.62,0.31,4.33,94,85
Super Mario 3D World,WiiU,2013,Platform,Nintendo,2.11,1.16,0.73,0.32,4.32,93,83
Minecraft,PS4,2014,Misc,Sony Computer Entertainment Europe,1.48,2.02,0.14,0.68,4.32,89,14
Fallout 4,XOne,2015,Role-Playing,Bethesda Softworks,2.51,1.32,0.01,0.38,4.22,88,39
Battlefield 1,PS4,2016,Shooter,Electronic Arts,1.1,2.15,0.21,0.61,4.08,88,31
Watch Dogs,PS4,2014,Action,Ubisoft,1.4,1.9,0.11,0.64,4.05,80,80
Far Cry 4,PS4,2014,Shooter,Ubisoft,1.13,2.18,0.1,0.63,4.04,85,83
The Witcher 3: Wild Hunt,PS4,2015,Role-Playing,Namco Bandai Games,1.02,2.13,0.23,0.59,3.97,92,79
Assassin's Creed: Unity,PS4,2014,Action,Ubisoft,1.19,2.07,0.08,0.62,3.96,70,40
Batman: Arkham Knight,PS4,2015,Action,Warner Bros. Interactive Entertainment,1.53,1.69,0.1,0.64,3.95,87,89
Monster Hunter 4 Ultimate,3DS,2014,Role-Playing,Nintendo,0.68,0.48,2.62,0.11,3.89,86,80
The Elder Scrolls V: Skyrim,PC,2011,Role-Playing,Bethesda Softworks,1.16,2.12,0,0.6,3.88,94,32
NBA 2K16,PS4,2015,Sports,Take-Two Interactive,2.49,0.66,0.03,0.69,3.88,87,51
Nintendogs + cats,3DS,2011,Simulation,Nintendo,1.44,1.41,0.73,0.27,3.85,71,43
Call of Duty: Ghosts,PS4,2013,Shooter,Activision,1.78,1.43,0.05,0.57,3.83,78,49
Tom Clancy's The Division,PS4,2016,Shooter,Ubisoft,1.35,1.7,0.15,0.6,3.8,80,64
Star Wars Battlefront (2015),XOne,2015,Shooter,Electronic Arts,2.04,1.28,0.02,0.32,3.66,75,40
Battlefield 4,PS4,2013,Shooter,Electronic Arts,1.35,1.55,0.17,0.51,3.59,85,18
Assassin's Creed: Unity,XOne,2014,Action,Ubisoft,2.27,0.9,0,0.33,3.5,72,59
Monster Hunter 4,3DS,2013,Role-Playing,Capcom,0,0,3.44,0,3.44,86,80
Metal Gear Solid V: The Phantom Pain,PS4,2015,Action,Konami Digital Entertainment,1.09,1.36,0.49,0.48,3.41,93,86
Assassin's Creed Syndicate,PS4,2015,Action,Ubisoft,0.81,1.99,0.07,0.52,3.39,76,86
Destiny,XOne,2014,Shooter,Activision,2.14,0.92,0,0.31,3.37,75,11
Monster Hunter X,3DS,2015,Action,Capcom,0.27,0.21,2.79,0.05,3.32,80,52
Yokai Watch 2 Ganso/Honke,3DS,2014,Role-Playing,Nintendo,0.09,0,3.18,0.01,3.28,72,32
Gears of War: Ultimate Edition,XOne,2015,Shooter,Microsoft Game Studios,2.61,0.33,0,0.34,3.28,82,74
FIFA 16,XOne,2015,Sports,Electronic Arts,0.89,2.12,0,0.24,3.25,84,45
Madden NFL 16,PS4,2015,Sports,Electronic Arts,2.34,0.3,0,0.6,3.24,83,37
Halo: The Master Chief Collection,XOne,2014,Shooter,Microsoft Game Studios,1.91,1,0.03,0.29,3.23,85,69
Super Mario Maker,WiiU,2015,Platform,Nintendo,1.18,0.89,0.94,0.2,3.21,88,85
The Legend of Zelda: A Link Between Worlds,3DS,2013,Action,Nintendo,1.4,1.01,0.46,0.23,3.1,91,81
Animal Crossing: Happy Home Designer,3DS,2015,Simulation,Nintendo,0.51,1.02,1.4,0.12,3.05,66,60
The Sims 4,PC,2014,Simulation,Electronic Arts,1,1.82,0,0.23,3.05,70,74
FIFA 14,PS4,2013,Sports,Electronic Arts,0.61,1.85,0.11,0.44,3.01,87,26
Star Wars: The Old Republic,PC,2011,Role-Playing,Electronic Arts,1.58,1.01,0,0.38,2.96,85,73
Middle-Earth: Shadow of Mordor,PS4,2014,Action,Warner Bros. Interactive Entertainment,1.01,1.43,0.05,0.47,2.96,84,85
Titanfall,XOne,2014,Shooter,Electronic Arts,1.84,0.8,0.04,0.27,2.95,86,68
Call of Duty: Ghosts,XOne,2013,Shooter,Activision,1.88,0.77,0,0.27,2.92,78,7
Assassin's Creed IV: Black Flag,PS4,2013,Action,Ubisoft,1.07,1.31,0.06,0.42,2.85,83,29
inFAMOUS: Second Son,PS4,2014,Action,Sony Computer Entertainment,1.28,0.98,0.07,0.46,2.79,80,90
Monster Hunter Tri,3DS,2011,Role-Playing,Nintendo,0.46,0.29,1.96,0.07,2.79,79,25
Battlefield 3,PC,2011,Shooter,Electronic Arts,0.89,1.43,0,0.46,2.78,89,61
Mortal Kombat X,PS4,2015,Fighting,Warner Bros. Interactive Entertainment,1.5,0.8,0,0.48,2.78,83,81
Minecraft,XOne,2014,Misc,Microsoft Game Studios,1.61,0.9,0,0.25,2.76,88,14
Killzone: Shadow Fall,PS4,2013,Shooter,Sony Computer Entertainment,0.89,1.33,0.08,0.39,2.69,73,88
Yokai Watch 2 Shinuchi,3DS,2014,Role-Playing,Level 5,0,0,2.68,0,2.68,70,35
FIFA 17,XOne,2016,Sports,Electronic Arts,0.43,2.05,0,0.17,2.65,84,50
Bloodborne,PS4,2015,Action,Sony Computer Entertainment,1.03,0.81,0.26,0.38,2.48,92,100
NBA 2K15,PS4,2014,Sports,Take-Two Interactive,1.47,0.54,0.01,0.43,2.45,83,50
Need for Speed (2015),PS4,2015,Racing,Electronic Arts,0.5,1.5,0.05,0.37,2.43,66,69
Call of Duty: Infinite Warfare,XOne,2016,Shooter,Activision,1.46,0.74,0,0.22,2.42,78,17
Madden NFL 16,XOne,2015,Sports,Electronic Arts,2.08,0.08,0,0.26,2.42,84,23
The Legend of Zelda: Majora's Mask 3D,3DS,2015,Action,Nintendo,1.15,0.55,0.47,0.17,2.34,89,82
NBA 2K16,XOne,2015,Sports,Take-Two Interactive,1.95,0.15,0,0.24,2.34,86,14
Guild Wars 2,PC,2012,Action,NCSoft,0.96,1.07,0,0.27,2.31,90,69
Paper Mario: Sticker Star,3DS,2012,Role-Playing,Nintendo,1.12,0.41,0.64,0.14,2.3,75,69
Yokai Watch Busters,3DS,2015,Action,Level 5,0,0,2.29,0,2.29,67,20
Far Cry: Primal,PS4,2016,Action,Ubisoft,0.6,1.25,0.06,0.35,2.26,76,91
Battlefield 1,XOne,2016,Shooter,Electronic Arts,1.28,0.77,0,0.2,2.25,87,37
New Super Luigi U,WiiU,2013,Platform,Nintendo,1.25,0.62,0.18,0.18,2.24,77,59
Assassin's Creed IV: Black Flag,XOne,2013,Action,Ubisoft,1.48,0.55,0,0.21,2.23,76,8
Tom Clancy's Rainbow Six: Siege,PS4,2015,Shooter,Ubisoft,0.55,1.19,0.14,0.33,2.21,73,40
Forza Motorsport 5,XOne,2013,Racing,Microsoft Game Studios,1.21,0.79,0.01,0.19,2.2,79,76
Madden NFL 15,PS4,2014,Sports,Electronic Arts,1.54,0.25,0,0.4,2.19,81,37
FIFA 15,XOne,2014,Sports,Electronic Arts,0.6,1.42,0,0.16,2.18,82,33
Tom Clancy's The Division,XOne,2016,Shooter,Ubisoft,1.29,0.68,0,0.2,2.16,80,33
Overwatch,PS4,2016,Shooter,Activision,0.81,0.85,0.15,0.33,2.14,90,31
Battlefield: Hardline,PS4,2015,Shooter,Electronic Arts,0.71,0.94,0.14,0.32,2.1,73,46
Dying Light,PS4,2015,Action,Warner Bros. Interactive Entertainment,0.96,0.67,0.12,0.34,2.09,74,58
Yokai Watch,3DS,2013,Role-Playing,Nintendo,0.25,0.45,1.33,0.05,2.09,76,69
World of Warcraft: Cataclysm,PC,2010,Role-Playing,Activision,1.77,0.32,0,0,2.08,90,53
Mario & Luigi: Dream Team,3DS,2013,Role-Playing,Nintendo,0.89,0.58,0.46,0.14,2.08,81,75
DriveClub,PS4,2014,Racing,Sony Computer Entertainment,0.36,1.38,0.02,0.31,2.07,71,85
Battlefield 4,XOne,2013,Shooter,Electronic Arts,1.25,0.58,0,0.19,2.02,81,5
Fire Emblem: Awakening,3DS,2012,Role-Playing,Nintendo,0.9,0.45,0.54,0.13,2.01,92,72
Dragon Age: Inquisition,PS4,2014,Role-Playing,Electronic Arts,0.73,0.88,0.08,0.32,2.01,89,43
Need for Speed Rivals,PS4,2013,Racing,Electronic Arts,0.73,0.92,0.03,0.3,1.98,80,53
Destiny: The Taken King,PS4,2015,Shooter,Activision,0.78,0.79,0.04,0.31,1.93,86,81
Mario Party: Island Tour,3DS,2013,Misc,Nintendo,0.62,0.64,0.55,0.11,1.92,57,47
LittleBigPlanet 3,PS4,2014,Platform,Sony Computer Entertainment,0.66,0.93,0.01,0.31,1.91,79,78
Donkey Kong Country Returns,3DS,2013,Platform,Nintendo,0.74,0.62,0.41,0.13,1.89,83,62
NBA 2K17,PS4,2016,Sports,Take-Two Interactive,1.25,0.27,0.02,0.34,1.88,88,47
Just Cause 3,PS4,2015,Action,Square Enix,0.47,1.03,0.07,0.28,1.86,73,42
Kirby: Triple Deluxe,3DS,2014,Platform,Nintendo,0.61,0.34,0.79,0.09,1.83,80,68
Diablo III,PS4,2014,Role-Playing,Activision,0.51,0.98,0.06,0.28,1.82,90,63
World of Warcraft: Mists of Pandaria,PC,2012,Role-Playing,Activision,0.84,0.76,0,0.22,1.82,82,42
Mafia III,PS4,2016,Action,Take-Two Interactive,0.42,1.08,0.03,0.28,1.81,68,66
Forza Motorsport 6,XOne,2015,Racing,Microsoft Game Studios,0.73,0.9,0.03,0.14,1.8,87,85
The Evil Within,PS4,2014,Action,Bethesda Softworks,0.55,0.86,0.11,0.27,1.79,75,65
The Legend of Zelda: The Wind Waker,WiiU,2013,Action,Nintendo,0.92,0.6,0.14,0.14,1.79,90,70
Professor Layton and the Mask of Miracle,3DS,2011,Puzzle,Nintendo,0.32,0.97,0.36,0.13,1.79,82,54
Madden NFL 17,PS4,2016,Sports,Electronic Arts,1.25,0.17,0,0.32,1.75,82,35
The Elder Scrolls Online,PS4,2015,Role-Playing,Bethesda Softworks,0.67,0.79,0,0.29,1.75,74,30
Wii Party U,WiiU,2013,Misc,Nintendo,0.3,0.56,0.84,0.05,1.75,65,38
The Order: 1886,PS4,2015,Shooter,Sony Computer Entertainment,0.61,0.78,0.06,0.27,1.74,63,94
Knack,PS4,2013,Platform,Sony Computer Entertainment Europe,0.43,0.68,0.42,0.2,1.73,54,83
The Crew,PS4,2014,Racing,Ubisoft,0.35,1.08,0.03,0.26,1.72,61,60
NBA 2K15,XOne,2014,Sports,Take-Two Interactive,1.37,0.18,0,0.18,1.72,82,9
Call of Duty: Modern Warfare 3,PC,2011,Shooter,Activision,0.41,0.98,0,0.32,1.72,78,26
The Sims 3: Late Night Expansion Pack,PC,2010,Simulation,Electronic Arts,0.59,0.87,0,0.23,1.7,74,17
No Man's Sky,PS4,2016,Action,Hello Games,0.63,0.76,0.03,0.27,1.7,71,94
Sid Meier's Civilization V,PC,2010,Strategy,Take-Two Interactive,0.98,0.52,0,0.17,1.68,90,70
 Fire Emblem Fates,3DS,2015,Role-Playing,Nintendo,0.81,0.23,0.52,0.11,1.68,87,40
StarCraft II: Heart of the Swarm,PC,2013,Strategy,Activision,0.83,0.66,0,0.18,1.67,86,68
Until Dawn,PS4,2015,Adventure,Sony Computer Entertainment Europe,0.45,0.9,0.05,0.26,1.66,79,103
Dark Souls III,PS4,2016,Role-Playing,Namco Bandai Games,0.65,0.45,0.34,0.22,1.65,89,69
Far Cry 4,XOne,2014,Shooter,Ubisoft,0.8,0.69,0.01,0.14,1.63,82,15
LEGO Marvel Super Heroes,PS4,2013,Action,Warner Bros. Interactive Entertainment,0.59,0.76,0.01,0.26,1.62,83,22
Kingdom Hearts 3D: Dream Drop Distance,3DS,2012,Action,Square Enix,0.88,0.26,0.34,0.1,1.58,75,54
Mario Party 10,WiiU,2015,Misc,Nintendo,0.69,0.53,0.24,0.12,1.58,66,66
Dead Rising 3,XOne,2013,Action,Microsoft Game Studios,1.06,0.35,0.01,0.15,1.57,78,69
Watch Dogs,XOne,2014,Action,Ubisoft,0.9,0.53,0,0.14,1.57,78,15
Madden NFL 15,XOne,2014,Sports,Electronic Arts,1.31,0.09,0,0.16,1.57,80,19
Wolfenstein: The New Order,PS4,2014,Shooter,Bethesda Softworks,0.47,0.8,0.03,0.24,1.55,79,73
Ratchet & Clank (2016),PS4,2016,Platform,Sony Computer Entertainment,0.5,0.76,0.04,0.24,1.54,85,101
Call of Duty: Black Ops II,PC,2012,Shooter,Activision,0.64,0.69,0,0.19,1.53,74,11
Donkey Kong Country: Tropical Freeze,WiiU,2014,Platform,Nintendo,0.7,0.55,0.16,0.12,1.52,83,77
Final Fantasy XIV: A Realm Reborn,PC,2010,Role-Playing,Square Enix,0.88,0.48,0,0.17,1.52,86,35
Puzzle & Dragons,3DS,2013,Role-Playing,GungHo,0,0,1.51,0,1.51,73,59
Football Manager 2012,PC,2011,Sports,Sega,0.02,1.16,0,0.33,1.51,84,45
Batman: Arkham Knight,XOne,2015,Action,Warner Bros. Interactive Entertainment,0.88,0.47,0,0.14,1.49,85,16
Doom (2016),PS4,2016,Shooter,Bethesda Softworks,0.54,0.69,0.02,0.24,1.49,85,61
LEGO City Undercover,3DS,2013,Platform,Nintendo,0.52,0.77,0.07,0.11,1.47,62,44
Dragon Quest VII: Warriors of Eden,3DS,2013,Role-Playing,Square Enix,0.06,0.09,1.3,0.01,1.46,81,56
NBA 2K14,PS4,2013,Sports,Take-Two Interactive,0.89,0.31,0.01,0.23,1.45,85,20
Anno 2070,PC,2011,Strategy,Ubisoft,0,1.13,0,0.29,1.43,83,33
SimCity (2013),PC,2013,Simulation,Electronic Arts,0.48,0.77,0,0.17,1.42,64,75
Tomb Raider (2013),PS4,2014,Action,Square Enix,0.47,0.65,0.06,0.22,1.4,87,27
Forza Horizon 2,XOne,2014,Racing,Microsoft Game Studios,0.5,0.78,0.01,0.11,1.4,86,85
Yoshi's New Island,3DS,2014,Platform,Nintendo,0.48,0.53,0.28,0.09,1.38,64,71
Bravely Default: Flying Fairy,3DS,2012,Role-Playing,Nintendo,0.5,0.32,0.49,0.08,1.38,85,67
Ryse: Son of Rome,XOne,2013,Action,Microsoft Game Studios,0.83,0.43,0,0.13,1.38,60,77
Mortal Kombat X,XOne,2015,Fighting,Warner Bros. Interactive Entertainment,1.03,0.21,0,0.14,1.38,86,21
Rise of the Tomb Raider,XOne,2015,Adventure,Square Enix,0.55,0.7,0.02,0.11,1.38,86,102
Middle-Earth: Shadow of Mordor,XOne,2014,Action,Warner Bros. Interactive Entertainment,0.73,0.5,0.01,0.12,1.35,87,12
Battlefield 4,PC,2013,Shooter,Electronic Arts,0.39,0.87,0,0.1,1.35,81,52
Gears of War 4,XOne,2016,Shooter,Microsoft Game Studios,0.78,0.44,0,0.12,1.35,84,96
Tom Clancy's Rainbow Six: Siege,XOne,2015,Shooter,Ubisoft,0.77,0.45,0,0.12,1.34,74,24
Yokai Watch 3,3DS,2016,Action,Level 5,0,0,1.33,0,1.33,80,26
The Elder Scrolls V: Skyrim,PS4,2016,Role-Playing,Bethesda Softworks,0.48,0.59,0.04,0.21,1.33,81,40
The Witcher 3: Wild Hunt,XOne,2015,Role-Playing,Namco Bandai Games,0.69,0.5,0,0.11,1.31,91,13
Yoshi's Woolly World,WiiU,2015,Platform,Nintendo,0.62,0.47,0.11,0.1,1.3,78,83
Assassin's Creed Syndicate,XOne,2015,Action,Ubisoft,0.62,0.56,0,0.11,1.3,78,22
Dying Light,XOne,2015,Action,Warner Bros. Interactive Entertainment,0.86,0.3,0.01,0.12,1.29,74,26
Fallout 4,PC,2015,Role-Playing,Bethesda Softworks,0.51,0.67,0,0.1,1.29,84,38
The Elder Scrolls Online,XOne,2015,Role-Playing,Bethesda Softworks,0.78,0.38,0,0.12,1.28,77,11
Kid Icarus: Uprising,3DS,2012,Action,Nintendo,0.48,0.35,0.36,0.07,1.27,83,75
Pokemon Mystery Dungeon: Gates to Infinity,3DS,2012,Role-Playing,Nintendo,0.44,0.29,0.47,0.07,1.27,59,46
Metal Gear Solid V: Ground Zeroes,PS4,2014,Action,Konami Digital Entertainment,0.45,0.47,0.17,0.18,1.27,75,70
Football Manager 2011,PC,2010,Sports,Sega,0,1.01,0,0.25,1.26,85,23
Pokemon Super Mystery Dungeon,3DS,2015,Role-Playing,Nintendo,0.48,0.35,0.34,0.08,1.25,69,44
Madden NFL 17,XOne,2016,Sports,Electronic Arts,1.08,0.02,0,0.13,1.23,83,30
Hyrule Warriors,WiiU,2014,Action,Nintendo,0.58,0.42,0.13,0.1,1.23,76,81
Super Street Fighter IV: 3D Edition,3DS,2011,Fighting,Capcom,0.55,0.44,0.14,0.09,1.21,85,69
WWE 2K16,PS4,2015,Sports,Take-Two Interactive,0.41,0.6,0,0.2,1.21,73,47
Battlefield: Hardline,XOne,2015,Shooter,Electronic Arts,0.72,0.37,0.01,0.11,1.21,71,27
Farming Simulator 2015,PC,2014,Simulation,Focus Home Interactive,0.08,1.04,0,0.07,1.2,54,21
Captain Toad: Treasure Tracker,WiiU,2014,Puzzle,Nintendo,0.53,0.38,0.19,0.09,1.19,81,78
Destiny: The Taken King,XOne,2015,Shooter,Activision,0.85,0.23,0,0.12,1.19,89,11
Mario & Sonic at the London 2012 Olympic Games,3DS,2012,Sports,Sega,0.18,0.64,0.27,0.09,1.18,66,28
Mad Max (2015),PS4,2015,Action,Warner Bros. Interactive Entertainment,0.36,0.59,0.04,0.18,1.17,69,71
Grand Theft Auto V,PC,2015,Action,Take-Two Interactive,0.39,0.69,0,0.09,1.17,96,57
Fallout: New Vegas,PC,2010,Role-Playing,Bethesda Softworks,0.59,0.45,0,0.14,1.17,84,39
FIFA 14,XOne,2013,Sports,Electronic Arts,0.41,0.66,0,0.09,1.16,88,22
Football Manager 2013,PC,2012,Sports,Sega,0,0.95,0,0.21,1.15,86,37
WWE 2K15,PS4,2014,Sports,Take-Two Interactive,0.39,0.57,0,0.19,1.15,62,44
Pokemon Rumble Blast,3DS,2011,Action,Nintendo,0.47,0.26,0.35,0.07,1.14,56,36
Sunset Overdrive,XOne,2014,Shooter,Microsoft Game Studios,0.63,0.4,0,0.1,1.14,81,89
Naruto Shippuden: Ultimate Ninja Storm 4,PS4,2016,Fighting,Namco Bandai Games,0.41,0.45,0.11,0.17,1.14,79,60
Watch Dogs 2,PS4,2016,Action,Ubisoft,0.37,0.58,0,0.18,1.13,83,88
LEGO Star Wars III: The Clone Wars,3DS,2011,Action,LucasArts,0.61,0.43,0,0.09,1.13,67,25
Alien: Isolation,PS4,2014,Shooter,Sega,0.34,0.57,0.04,0.17,1.13,79,50
Fantasy Life,3DS,2012,Role-Playing,Nintendo,0.33,0.37,0.37,0.06,1.13,73,51
The Legend of Zelda: Tri Force Heroes,3DS,2015,Action,Nintendo,0.53,0.33,0.17,0.08,1.12,73,73
Pikmin 3,WiiU,2013,Strategy,Nintendo,0.44,0.32,0.29,0.07,1.11,87,79
Dragon Ball: XenoVerse,PS4,2015,Fighting,Namco Bandai Games,0.3,0.52,0.12,0.16,1.11,69,50
LEGO City Undercover,WiiU,2013,Platform,Nintendo,0.47,0.42,0.13,0.08,1.1,80,66
Project CARS,PS4,2015,Racing,Slightly Mad Studios,0.2,0.7,0.02,0.16,1.09,83,37
Forza Horizon 3,XOne,2016,Racing,Microsoft Game Studios,0.42,0.58,0,0.08,1.08,91,90
Overwatch,XOne,2016,Shooter,Activision,0.63,0.33,0,0.1,1.06,91,18
LEGO Marvel Super Heroes,XOne,2013,Action,Warner Bros. Interactive Entertainment,0.61,0.35,0,0.09,1.06,83,22
EA Sports UFC,PS4,2014,Sports,Electronic Arts,0.46,0.41,0.01,0.17,1.05,70,57
The Legend of Zelda: Twilight Princess HD,WiiU,2016,Action,Nintendo,0.56,0.3,0.08,0.09,1.03,86,74
NBA 2K17,XOne,2016,Sports,Take-Two Interactive,0.86,0.06,0,0.11,1.02,90,17
Sonic Generations,3DS,2011,Platform,Sega,0.44,0.47,0.01,0.09,1.02,66,29
Rayman Legends,PS4,2014,Platform,Ubisoft,0.22,0.64,0,0.16,1.01,90,16
ZombiU,WiiU,2012,Action,Ubisoft,0.52,0.36,0.05,0.08,1.01,77,70
Pokken Tournament,WiiU,2016,Fighting,Namco Bandai Games,0.5,0.26,0.17,0.08,1.01,76,74
Final Fantasy Type-0,PS4,2015,Role-Playing,Square Enix,0.37,0.32,0.15,0.14,0.98,72,77
Mass Effect 3,PC,2012,Role-Playing,Electronic Arts,0.4,0.44,0,0.12,0.97,89,23
Far Cry 3,PC,2012,Shooter,Ubisoft,0.22,0.62,0,0.12,0.96,88,43
Evolve,PS4,2015,Shooter,Take-Two Interactive,0.36,0.41,0.05,0.15,0.96,76,46
Farming Simulator 2013,PC,2012,Simulation,Focus Home Interactive,0,0.81,0,0.15,0.96,65,12
Dragon Quest Monsters: Terry's Wonderland 3D,3DS,2012,Role-Playing,Square Enix,0,0,0.96,0,0.96,75,30
The Witcher 2: Assassins of Kings,PC,2011,Action,Namco Bandai Games,0.25,0.56,0,0.14,0.96,88,76
Mario Tennis Open,3DS,2012,Sports,Nintendo,0.26,0.29,0.34,0.05,0.95,69,58
PilotWings Resort,3DS,2011,Simulation,Nintendo,0.4,0.36,0.13,0.07,0.95,71,64
Star Fox 64 3D,3DS,2011,Shooter,Nintendo,0.48,0.27,0.13,0.06,0.94,81,65
Rise of the Tomb Raider,PS4,2016,Adventure,Square Enix,0.23,0.53,0.04,0.14,0.94,88,55
EA Sports UFC 2,PS4,2016,Sports,Electronic Arts,0.29,0.49,0,0.15,0.93,79,38
Dragon Age: Inquisition,XOne,2014,Role-Playing,Electronic Arts,0.56,0.28,0,0.09,0.93,85,28
Kirby: Planet Robobot,3DS,2016,Action,Nintendo,0.28,0.14,0.47,0.04,0.93,81,71
Lego Batman 3: Beyond Gotham,PS4,2014,Action,Warner Bros. Interactive Entertainment,0.37,0.4,0,0.15,0.93,73,43
Assassin's Creed III,PC,2012,Action,Ubisoft,0.28,0.53,0,0.12,0.93,80,21
Borderlands 2,PC,2012,Shooter,Take-Two Interactive,0.42,0.41,0,0.1,0.93,89,38
Disney Magical World,3DS,2013,Adventure,Nintendo,0.17,0.2,0.53,0.03,0.92,71,27
MLB 15: The Show,PS4,2015,Sports,Sony Computer Entertainment,0.68,0.08,0,0.17,0.92,80,44
Harvest Moon 3D: A New Beginning,3DS,2012,Action,Marvelous Entertainment,0.41,0.17,0.3,0.05,0.91,74,21
Injustice: Gods Among Us,PS4,2013,Fighting,Warner Bros. Interactive Entertainment,0.46,0.3,0,0.16,0.91,80,22
NBA 2K14,XOne,2013,Sports,Take-Two Interactive,0.7,0.11,0,0.09,0.91,86,15
Street Fighter V,PS4,2016,Fighting,Capcom,0.4,0.28,0.08,0.14,0.9,77,80
Just Cause 3,XOne,2015,Action,Square Enix,0.44,0.39,0,0.08,0.9,71,24
LEGO Jurassic World,PS4,2015,Action,Warner Bros. Interactive Entertainment,0.32,0.42,0.02,0.14,0.9,70,46
The Elder Scrolls Online,PC,2014,Role-Playing,Bethesda Softworks,0.32,0.51,0,0.07,0.9,71,64
Madden NFL 25,PS4,2013,Sports,Electronic Arts,0.63,0.13,0,0.15,0.9,74,13
LEGO Marvel Super Heroes,3DS,2013,Action,Warner Bros. Interactive Entertainment,0.42,0.36,0.04,0.07,0.9,61,4
MLB 16: The Show,PS4,2016,Sports,Sony Computer Entertainment,0.72,0,0,0.17,0.89,85,37
Far Cry: Primal,XOne,2016,Action,Ubisoft,0.47,0.33,0,0.08,0.88,77,27
Resident Evil: Revelations,3DS,2012,Action,Capcom,0.3,0.22,0.3,0.05,0.88,82,78
Borderlands: The Handsome Collection,PS4,2015,Shooter,Take-Two Interactive,0.38,0.33,0.03,0.14,0.88,82,49
Monster Strike 3DS,3DS,2015,Action,"mixi, Inc",0,0,0.87,0,0.87,79,53
Dragon Quest VIII: Journey of the Cursed King,3DS,2015,Role-Playing,Square Enix,0,0,0.86,0,0.86,85,56
Guitar Hero Live,PS4,2015,Misc,Activision,0.34,0.38,0,0.14,0.86,80,69
Wii Fit U,WiiU,2013,Sports,Nintendo,0.35,0.23,0.21,0.05,0.85,72,19
Xenoblade Chronicles X,WiiU,2015,Role-Playing,Nintendo,0.36,0.28,0.14,0.06,0.84,84,87
Tales of the Abyss,3DS,2011,Role-Playing,Namco Bandai Games,0.43,0.19,0.14,0.06,0.83,75,33
Thief (2014),PS4,2014,Action,Square Enix,0.28,0.38,0.03,0.13,0.82,67,48
Madden NFL 25,XOne,2013,Sports,Electronic Arts,0.67,0.05,0,0.08,0.81,73,18
Professor Layton vs Phoenix Wright: Ace Attorney,3DS,2012,Puzzle,Level 5,0.2,0.26,0.3,0.04,0.8,79,69
Dragon Quest Monsters 2,3DS,2014,Role-Playing,Square Enix,0,0,0.79,0,0.79,77,23
Pro Evolution Soccer 2016,PS4,2015,Sports,Konami Digital Entertainment,0.13,0.42,0.13,0.1,0.79,87,54
Rare Replay,XOne,2015,Misc,Microsoft Game Studios,0.49,0.22,0.01,0.07,0.79,84,75
Mario & Sonic at the Sochi 2014 Olympic Winter Games,WiiU,2013,Sports,Nintendo,0.37,0.22,0.13,0.06,0.78,55,39
Bayonetta 2,WiiU,2014,Action,Nintendo,0.32,0.28,0.1,0.06,0.76,91,80
Doom (2016),XOne,2016,Shooter,Bethesda Softworks,0.44,0.25,0,0.07,0.76,85,61
The Sims 3,3DS,2011,Simulation,Electronic Arts,0.3,0.37,0.03,0.07,0.76,52,29
Portal 2,PC,2011,Shooter,Valve Software,0.33,0.32,0,0.1,0.76,95,52
Mario & Luigi: Paper Jam,3DS,2015,Role-Playing,Nintendo,0.16,0.29,0.26,0.04,0.76,76,76
Professor Layton and the Azran Legacy,3DS,2013,Puzzle,Nintendo,0,0.48,0.25,0.03,0.75,81,58
Nintendo Presents: New Style Boutique 2 - Fashion Forward,3DS,2015,Misc,Nintendo,0.03,0.66,0.02,0.04,0.75,78,10
Titanfall 2,PS4,2016,Shooter,Electronic Arts,0.34,0.25,0.05,0.12,0.75,89,56
Metal Gear Solid V: The Phantom Pain,XOne,2015,Action,Konami Digital Entertainment,0.41,0.26,0.01,0.07,0.75,95,10
LEGO Batman 2: DC Super Heroes,3DS,2012,Action,Warner Bros. Interactive Entertainment,0.41,0.28,0,0.06,0.75,72,6
Pro Evolution Soccer 2015,PS4,2014,Sports,Konami Digital Entertainment,0.09,0.45,0.11,0.1,0.75,82,56
Final Fantasy XIV: A Realm Reborn,PS4,2014,Role-Playing,Square Enix,0.33,0.23,0.08,0.11,0.75,86,35
Rhythm Heaven: The Best+,3DS,2015,Misc,Nintendo,0,0.03,0.72,0,0.74,83,37
Assassin's Creed: Revelations,PC,2011,Action,Ubisoft,0.14,0.48,0,0.12,0.74,80,20
Final Fantasy X/X-2 HD Remaster,PS4,2015,Role-Playing,Square Enix,0.29,0.27,0.06,0.11,0.74,85,27
Dragon Quest Heroes: The World's Tree Woe and the Blight Below,PS4,2015,Action,Square Enix,0.17,0.13,0.37,0.06,0.74,77,75
The Elder Scrolls V: Skyrim,XOne,2016,Role-Playing,Bethesda Softworks,0.41,0.27,0,0.07,0.74,82,24
Crysis 2,PC,2011,Action,Electronic Arts,0.16,0.45,0,0.13,0.74,86,42
LEGO Marvel Super Heroes,WiiU,2013,Action,Warner Bros. Interactive Entertainment,0.31,0.35,0.02,0.06,0.74,82,8
Dragon Age: Inquisition,PC,2014,Role-Playing,Electronic Arts,0.33,0.34,0,0.06,0.73,85,45
Style Savvy: Trendsetters,3DS,2012,Simulation,Nintendo,0.16,0.02,0.53,0.01,0.73,76,5
LEGO Marvel's Avengers,PS4,2016,Action,Warner Bros. Interactive Entertainment,0.26,0.35,0,0.12,0.73,71,70
Just Dance 2015,WiiU,2014,Misc,Ubisoft,0.38,0.29,0,0.06,0.73,75,6
LEGO Dimensions,PS4,2015,Action,Warner Bros. Interactive Entertainment,0.24,0.37,0,0.12,0.73,80,53
Total War: Rome II,PC,2013,Strategy,Sega,0.12,0.53,0,0.07,0.72,76,71
Persona Q: Shadow of the Labyrinth,3DS,2014,Role-Playing,Nippon Ichi Software,0.34,0.07,0.27,0.04,0.72,83,56
The Witcher 3: Wild Hunt,PC,2015,Role-Playing,Namco Bandai Games,0.21,0.46,0,0.05,0.72,93,32
Battlefield: Bad Company 2,PC,2010,Shooter,Electronic Arts,0.19,0.53,0,0,0.72,87,46
XCOM: Enemy Unknown,PC,2012,Strategy,Take-Two Interactive,0.27,0.36,0,0.08,0.71,89,57
Skylanders: Trap Team,WiiU,2014,Action,Activision,0.38,0.26,0,0.06,0.7,86,4
Call of Duty: Ghosts,PC,2013,Shooter,Activision,0.23,0.41,0,0.05,0.7,68,14
Monster Hunter Tri,WiiU,2012,Role-Playing,Nintendo,0.24,0.19,0.22,0.04,0.69,84,70
The LEGO Movie Videogame,3DS,2014,Action,Warner Bros. Interactive Entertainment,0.28,0.31,0.05,0.05,0.69,71,31
Need for Speed (2015),XOne,2015,Racing,Electronic Arts,0.3,0.33,0,0.06,0.69,66,69
Plants vs. Zombies: Garden Warfare,XOne,2014,Shooter,Electronic Arts,0.39,0.23,0,0.06,0.69,76,65
Need for Speed Rivals,XOne,2013,Racing,Electronic Arts,0.46,0.17,0,0.07,0.69,75,18
The Sims: Medieval,PC,2011,Simulation,Electronic Arts,0.28,0.32,0,0.09,0.69,77,56
Minecraft,WiiU,2016,Misc,Microsoft Game Studios,0.28,0.17,0.18,0.04,0.68,77,15
Wolfenstein: The New Order,XOne,2014,Shooter,Bethesda Softworks,0.34,0.28,0,0.06,0.68,79,18
RIFT,PC,2011,Role-Playing,Unknown,0.44,0.16,0,0.07,0.67,84,59
The Evil Within,XOne,2014,Action,Bethesda Softworks,0.35,0.25,0,0.06,0.67,79,24
The Sims 3: High-End Loft Stuff,PC,2010,Simulation,Electronic Arts,0.01,0.54,0,0.11,0.66,63,3
Diablo III,XOne,2014,Role-Playing,Activision,0.36,0.24,0,0.06,0.66,88,86
Napoleon: Total War,PC,2010,Strategy,Sega,0.02,0.53,0,0.12,0.66,81,56
Rayman Legends,WiiU,2013,Platform,Ubisoft,0.25,0.33,0.03,0.05,0.66,92,35
BioShock Infinite,PC,2013,Shooter,Take-Two Interactive,0.29,0.3,0,0.07,0.66,94,68
LEGO Jurassic World,XOne,2015,Action,Warner Bros. Interactive Entertainment,0.38,0.22,0,0.06,0.65,70,17
Rocksmith 2014,PC,2013,Misc,Ubisoft,0.36,0.24,0,0.06,0.65,89,7
Disney Infinity 2.0: Marvel Super Heroes,WiiU,2014,Action,Disney Interactive Studios,0.37,0.22,0,0.06,0.65,74,4
Farming Simulator 17,PC,2016,Simulation,Focus Home Interactive,0.03,0.58,0,0.04,0.65,64,5
Assassin's Creed IV: Black Flag,PC,2013,Action,Ubisoft,0.22,0.38,0,0.05,0.64,84,10
The LEGO Movie Videogame,WiiU,2014,Action,Warner Bros. Interactive Entertainment,0.33,0.23,0.03,0.05,0.64,68,5
Rayman 3D,3DS,2011,Platform,Ubisoft,0.23,0.35,0,0.06,0.64,61,39
Football Manager 2014,PC,2013,Sports,Sega,0,0.6,0,0.03,0.64,85,41
The Crew,XOne,2014,Racing,Ubisoft,0.25,0.34,0,0.05,0.64,64,18
Evolve,XOne,2015,Shooter,Take-Two Interactive,0.37,0.2,0,0.06,0.64,74,31
Dragon Quest Monsters Joker 3,3DS,2016,Role-Playing,Square Enix,0,0,0.63,0,0.63,77,33
Dragon Age II,PC,2011,Action,Electronic Arts,0.23,0.33,0,0.08,0.63,82,45
Taiko no Tatsujin: Chibi Dragon to Fushigi na Orb,3DS,2012,Misc,Namco Bandai Games,0,0,0.63,0,0.63,70,13
Far Cry 4,PC,2014,Shooter,Ubisoft,0.15,0.44,0,0.04,0.63,80,17
The Sims 3: Generations,PC,2011,Simulation,Electronic Arts,0.4,0.23,0,0,0.63,70,22
Angry Birds Trilogy,3DS,2012,Action,Activision,0.38,0.2,0,0.05,0.63,62,7
Crysis 3,PC,2013,Shooter,Electronic Arts,0.17,0.39,0,0.07,0.63,76,47
LEGO Jurassic World,3DS,2015,Action,Warner Bros. Interactive Entertainment,0.31,0.23,0.03,0.05,0.62,70,46
LEGO Pirates of the Caribbean: The Video Game,3DS,2011,Action,Disney Interactive Studios,0.29,0.27,0,0.06,0.62,71,16
Mafia III,XOne,2016,Action,Take-Two Interactive,0.28,0.29,0,0.05,0.62,67,20
Toshochu: Run for Money,3DS,2012,Adventure,Namco Bandai Games,0,0,0.62,0,0.62,37,5
Cooking Mama 4: Kitchen Magic!,3DS,2011,Simulation,505 Games,0.5,0.07,0,0.05,0.61,56,6
Scribblenauts: Unlimited,3DS,2012,Action,Warner Bros. Interactive Entertainment,0.56,0.01,0,0.05,0.61,73,13
Tomb Raider (2013),XOne,2014,Action,Square Enix,0.35,0.21,0,0.05,0.61,86,18
Kinect Sports Rivals,XOne,2014,Sports,Microsoft Game Studios,0.3,0.23,0.02,0.05,0.6,60,53
Disney Infinity,WiiU,2013,Action,Disney Interactive Studios,0.33,0.22,0,0.05,0.6,71,10
 Frozen: Olaf's Quest,3DS,2013,Platform,Disney Interactive Studios,0.27,0.27,0,0.05,0.6,52,2
Just Dance 2014,WiiU,2013,Misc,Ubisoft,0.31,0.23,0,0.05,0.6,72,13
Total War: Shogun 2,PC,2011,Strategy,Sega,0.19,0.31,0,0.09,0.6,90,62
WWE 2K16,XOne,2015,Sports,Take-Two Interactive,0.32,0.22,0,0.05,0.59,72,18
Assassin's Creed: Brotherhood,PC,2011,Action,Ubisoft,0.15,0.34,0,0.1,0.59,88,24
Deus Ex: Human Revolution,PC,2011,Shooter,Square Enix,0.25,0.25,0,0.08,0.58,90,52
Skylanders SWAP Force,WiiU,2013,Platform,Activision,0.38,0.15,0,0.05,0.58,89,7
Shin Megami Tensei IV,3DS,2013,Role-Playing,Atlus,0.28,0,0.27,0.03,0.58,83,48
Skylanders: Spyro's Adventure,3DS,2011,Action,Activision,0.32,0.2,0,0.05,0.57,82,8
Titanfall 2,XOne,2016,Shooter,Electronic Arts,0.37,0.15,0,0.05,0.57,87,31
WWE 2K15,XOne,2014,Sports,Take-Two Interactive,0.29,0.23,0,0.05,0.57,56,25
Just Dance 2016,WiiU,2015,Misc,Ubisoft,0.27,0.25,0,0.05,0.57,73,7
Rune Factory 4,3DS,2012,Role-Playing,Xseed Games,0.32,0,0.21,0.03,0.57,78,33
Xenoblade Chronicles,3DS,2015,Role-Playing,Nintendo,0.27,0.14,0.12,0.04,0.56,86,63
Titanfall,PC,2014,Shooter,Electronic Arts,0.22,0.3,0,0.04,0.56,86,29
Minecraft: Story Mode,XOne,2015,Adventure,Mojang,0.3,0.21,0,0.05,0.56,77,13
Yokai Sangokushi,3DS,2016,Action,Level 5,0,0,0.56,0,0.56,76,69
Quantum Break,XOne,2016,Action,Microsoft Game Studios,0.3,0.2,0.01,0.05,0.56,77,106
Guitar Hero Live,XOne,2015,Misc,Activision,0.3,0.2,0,0.05,0.55,81,21
Assassin's Creed: Unity,PC,2014,Action,Ubisoft,0.18,0.33,0,0.04,0.55,70,10
Assassin's Creed II,PC,2010,Action,Ubisoft,0.01,0.45,0,0.09,0.55,86,22
Star Wars Battlefront (2015),PC,2015,Shooter,Electronic Arts,0.13,0.38,0,0.04,0.55,73,59
Final Fantasy Explorers,3DS,2014,Role-Playing,Square Enix,0.16,0.07,0.28,0.02,0.54,69,57
Inazuma Eleven GO,3DS,2011,Role-Playing,Nintendo,0,0.05,0.48,0,0.53,75,14
LEGO Dimensions,WiiU,2015,Action,Warner Bros. Interactive Entertainment,0.3,0.18,0,0.05,0.53,62,5
Just Dance 2015,XOne,2014,Misc,Ubisoft,0.35,0.13,0,0.05,0.53,70,17
The LEGO Movie Videogame,XOne,2014,Action,Warner Bros. Interactive Entertainment,0.35,0.13,0,0.05,0.53,69,18
Overwatch,PC,2016,Shooter,Activision,0.25,0.24,0,0.04,0.53,91,62
Mario & Sonic at the Rio 2016 Olympic Games,3DS,2016,Action,Nintendo,0.05,0.21,0.25,0.02,0.53,60,30
StarCraft II: Legacy of the Void,PC,2015,Strategy,Activision,0.19,0.29,0,0.04,0.53,88,62
Batman: Arkham City,PC,2011,Action,Warner Bros. Interactive Entertainment,0.16,0.28,0,0.09,0.53,91,27
LEGO Jurassic World,WiiU,2015,Action,Warner Bros. Interactive Entertainment,0.27,0.19,0.02,0.04,0.52,71,5
Kirby and the Rainbow Curse,WiiU,2015,Platform,Nintendo,0.22,0.13,0.12,0.04,0.52,73,72
Sonic & All-Stars Racing Transformed,WiiU,2012,Racing,Sega,0.19,0.26,0.02,0.04,0.51,78,22
Alien: Isolation,XOne,2014,Shooter,Sega,0.22,0.24,0,0.04,0.51,78,24
Dishonored,PC,2012,Action,Bethesda Softworks,0.26,0.19,0,0.06,0.51,91,29
Theatrhythm: Final Fantasy,3DS,2012,Misc,Square Enix,0.22,0.07,0.18,0.02,0.5,78,60
Ridge Racer 3D,3DS,2011,Racing,Namco Bandai Games,0.19,0.15,0.12,0.03,0.49,75,59
Super Monkey Ball 3D,3DS,2011,Action,Sega,0.26,0.15,0.05,0.04,0.49,55,57
Sonic Lost World,3DS,2013,Platform,Sega,0.24,0.14,0.07,0.03,0.49,59,34
Resident Evil: The Mercenaries 3D,3DS,2011,Action,Capcom,0.16,0.16,0.13,0.03,0.49,65,69
Epic Mickey: Power of Illusion,3DS,2012,Action,Disney Interactive Studios,0.36,0.04,0.04,0.04,0.49,63,40
Pokemon Art Academy ,3DS,2014,Misc,Nintendo,0.18,0.12,0.16,0.03,0.49,76,22
Medal of Honor,PC,2010,Shooter,Electronic Arts,0.2,0.23,0,0.06,0.49,72,26
Asphalt 3D,3DS,2011,Racing,Ubisoft,0.27,0.16,0.02,0.04,0.49,43,37
Steel Diver,3DS,2011,Action,Nintendo,0.31,0.09,0.05,0.03,0.49,58,55
Bravely Second: End Layer,3DS,2015,Role-Playing,Nintendo,0.17,0.1,0.18,0.03,0.49,81,70
Puzzle & Dragons Z + Super Mario Bros. Edition,3DS,2015,Puzzle,Nintendo,0.06,0.07,0.34,0.01,0.48,73,59
Mad Max (2015),XOne,2015,Action,Warner Bros. Interactive Entertainment,0.28,0.16,0,0.04,0.48,72,18
Skylanders: SuperChargers,WiiU,2015,Action,Activision,0.25,0.19,0,0.04,0.48,87,13
Plants vs. Zombies: Garden Warfare 2,XOne,2016,Shooter,Electronic Arts,0.29,0.15,0,0.04,0.48,80,64
NHL 16,XOne,2015,Sports,Electronic Arts,0.38,0.05,0,0.05,0.48,80,18
Rock Band 4,XOne,2015,Misc,Harmonix Music Systems,0.38,0.04,0,0.05,0.47,79,27
World of Warcraft: Warlords of Draenor,PC,2014,Action,Activision Blizzard,0.08,0.36,0,0.03,0.47,87,49
FIFA Soccer 13,WiiU,2012,Action,Electronic Arts,0.17,0.27,0,0.04,0.47,69,28
FIFA 12,PC,2011,Sports,Electronic Arts,0.04,0.33,0,0.1,0.47,89,14
EA Sports UFC,XOne,2014,Sports,Electronic Arts,0.3,0.12,0,0.04,0.47,70,23
Football Manager 2015,PC,2014,Simulation,Sega,0,0.44,0,0.03,0.46,80,36
The Sims 3: Ambitions,PC,2010,Simulation,Electronic Arts,0,0.29,0,0.17,0.46,74,25
Thief (2014),XOne,2014,Action,Square Enix,0.26,0.15,0,0.04,0.46,67,48
Disney Infinity 3.0,WiiU,2015,Action,Disney Interactive Studios,0.21,0.21,0,0.04,0.46,80,53
The Sims 3: Outdoor Living Stuff,PC,2011,Simulation,Electronic Arts,0,0.38,0,0.08,0.46,53,4
Just Dance 2014,XOne,2013,Misc,Ubisoft,0.3,0.11,0,0.04,0.45,71,6
Lego Batman 3: Beyond Gotham,WiiU,2014,Action,Warner Bros. Interactive Entertainment,0.21,0.21,0,0.04,0.45,70,2
Wolfenstein: The New Order,PC,2014,Shooter,Bethesda Softworks,0.13,0.29,0,0.03,0.45,81,23
Watch Dogs,PC,2014,Action,Ubisoft,0.15,0.26,0,0.03,0.45,77,18
Mario Tennis Ultra Smash,WiiU,2015,Sports,Nintendo,0.13,0.15,0.14,0.02,0.44,58,58
Disney Infinity 2.0: Marvel Super Heroes,XOne,2014,Action,Disney Interactive Studios,0.25,0.15,0,0.04,0.44,74,4
Borderlands: The Handsome Collection,XOne,2015,Shooter,Take-Two Interactive,0.26,0.13,0,0.04,0.43,80,11
Lego Batman 3: Beyond Gotham,XOne,2014,Action,Warner Bros. Interactive Entertainment,0.23,0.17,0,0.04,0.43,74,25
Max Payne 3,PC,2012,Shooter,Take-Two Interactive,0.16,0.22,0,0.05,0.43,87,30
Paper Mario: Color Splash,WiiU,2016,Role-Playing,Nintendo,0.2,0.14,0.05,0.03,0.42,75,72
Animal Crossing: Amiibo Festival,WiiU,2015,Misc,Nintendo,0.19,0.11,0.09,0.03,0.41,46,20
EA Sports UFC 2,XOne,2016,Sports,Electronic Arts,0.24,0.14,0,0.04,0.41,76,42
LEGO Dimensions,XOne,2015,Action,Warner Bros. Interactive Entertainment,0.22,0.15,0,0.04,0.41,80,12
NHL 15,XOne,2014,Sports,Electronic Arts,0.31,0.06,0,0.04,0.41,59,22
Tom Clancy's The Division,PC,2016,Shooter,Ubisoft,0.22,0.15,0,0.04,0.41,79,33
Call of Duty: Black Ops II,WiiU,2012,Shooter,Activision,0.2,0.18,0,0.03,0.41,81,31
Call of Duty: Advanced Warfare,PC,2014,Shooter,Activision,0.15,0.23,0,0.03,0.41,78,18
Rocksmith 2014,XOne,2014,Misc,Ubisoft,0.29,0.08,0,0.04,0.41,89,7
Duke Nukem Forever,PC,2011,Shooter,Take-Two Interactive,0.18,0.17,0,0.06,0.41,54,48
Dragon Quest X,WiiU,2013,Role-Playing,Square Enix,0,0,0.41,0,0.41,67,8
The Wonderful 101,WiiU,2013,Action,Nintendo,0.19,0.1,0.08,0.03,0.4,78,75
FIFA 14,PC,2013,Sports,Electronic Arts,0.01,0.36,0,0.03,0.4,87,6
FIFA Soccer 13,PC,2012,Action,Electronic Arts,0.02,0.31,0,0.07,0.4,86,7
Mafia II,PC,2010,Action,Take-Two Interactive,0.17,0.17,0,0.05,0.4,77,46
Mass Effect 2,PC,2010,Role-Playing,Electronic Arts,0.01,0.32,0,0.06,0.39,94,55
Dark Souls III,XOne,2016,Role-Playing,Namco Bandai Games,0.26,0.09,0,0.04,0.39,87,14
Sonic Lost World,WiiU,2013,Platform,Sega,0.23,0.12,0.01,0.03,0.39,63,64
Battlefield 1,PC,2016,Shooter,Electronic Arts,0.11,0.24,0,0.03,0.38,88,54
Saints Row: The Third,PC,2011,Action,THQ,0.16,0.16,0,0.06,0.38,84,22
Wii Sports Club,WiiU,2014,Sports,Nintendo,0.17,0.14,0.04,0.03,0.38,68,21
Skylanders Giants,WiiU,2012,Action,Activision,0.22,0.12,0,0.03,0.37,80,8
Just Dance 4,WiiU,2012,Misc,Ubisoft,0.21,0.13,0,0.03,0.37,66,14
Need for Speed: Hot Pursuit,PC,2010,Racing,Electronic Arts,0.12,0.2,0,0.05,0.37,86,14
Rage,PC,2011,Shooter,Bethesda Softworks,0.14,0.18,0,0.06,0.37,79,32
Skylanders: Trap Team,XOne,2014,Action,Activision,0.26,0.07,0,0.04,0.37,78,46
Scribblenauts: Unlimited,WiiU,2012,Action,Warner Bros. Interactive Entertainment,0.25,0.09,0,0.03,0.37,73,42
Batman: Arkham City,WiiU,2012,Action,Warner Bros. Interactive Entertainment,0.16,0.18,0,0.03,0.36,85,37
Need for Speed: The Run,PC,2011,Action,Electronic Arts,0.09,0.21,0,0.07,0.36,69,18
Sid Meier's Civilization: Beyond Earth,PC,2014,Strategy,Take-Two Interactive,0.11,0.22,0,0.03,0.36,81,78
Star Fox: Zero,WiiU,2016,Shooter,Nintendo,0.17,0.1,0.07,0.03,0.36,69,82
Zoo Tycoon (2013),XOne,2013,Simulation,Microsoft Game Studios,0.18,0.15,0,0.03,0.36,68,45
Watch Dogs 2,XOne,2016,Action,Ubisoft,0.17,0.16,0,0.03,0.36,83,9
ESPN: Sports Connection,WiiU,2012,Sports,Ubisoft,0.2,0.12,0,0.03,0.36,31,13
Middle-Earth: Shadow of Mordor,PC,2014,Action,Warner Bros. Interactive Entertainment,0.12,0.2,0,0.03,0.35,84,17
Assassin's Creed III,WiiU,2012,Action,Ubisoft,0.19,0.13,0,0.03,0.35,85,26
Football Manager 2016,PC,2015,Simulation,Sega,0,0.33,0,0.02,0.35,81,34
LEGO Marvel's Avengers,XOne,2016,Action,Warner Bros. Interactive Entertainment,0.19,0.12,0,0.03,0.35,71,18
Call of Duty: Ghosts,WiiU,2013,Shooter,Activision,0.22,0.09,0.01,0.03,0.34,69,6
Mario & Sonic at the Rio 2016 Olympic Games,WiiU,2016,Action,Nintendo,0.07,0.14,0.11,0.02,0.34,65,26
Company of Heroes 2,PC,2013,Strategy,THQ,0.06,0.25,0,0.04,0.34,80,82
The Sims 3: Town Life Stuff,PC,2011,Simulation,Electronic Arts,0.11,0.17,0,0.05,0.34,60,1
Medal of Honor: Warfighter,PC,2012,Action,Electronic Arts,0.14,0.15,0,0.04,0.33,55,30
Might & Magic Heroes VI,PC,2011,Role-Playing,Ubisoft,0.13,0.14,0,0.05,0.32,67,39
Dead Space 2,PC,2011,Shooter,Electronic Arts,0.13,0.15,0,0.04,0.32,87,28
World of Warcraft: Legion,PC,2016,Role-Playing,Activision,0.13,0.16,0,0.03,0.32,88,62
Fable III,PC,2011,Role-Playing,Microsoft Game Studios,0.1,0.17,0,0.05,0.32,75,39
Batman: Arkham Origins,PC,2013,Action,Warner Bros. Interactive Entertainment,0.13,0.16,0,0.02,0.31,74,17
Batman: Arkham Origins,WiiU,2013,Action,Warner Bros. Interactive Entertainment,0.19,0.09,0,0.03,0.31,68,5
Sonic Boom: Rise of Lyric,WiiU,2014,Action,Sega,0.19,0.09,0,0.03,0.31,32,28
The Settlers 7: Paths to a Kingdom,PC,2010,Strategy,Ubisoft,0,0.27,0,0.05,0.31,79,33
Kingdoms of Amalur: Reckoning,PC,2012,Role-Playing,Electronic Arts,0.14,0.13,0,0.03,0.3,81,25
Borderlands: The Pre-Sequel,PC,2014,Shooter,Take-Two Interactive,0.11,0.15,0,0.02,0.29,75,55
Assassin's Creed IV: Black Flag,WiiU,2013,Action,Ubisoft,0.17,0.09,0,0.03,0.29,86,5
NES Remix,WiiU,2014,Action,Nintendo,0.17,0,0.08,0.02,0.28,71,34
Need for Speed: Most Wanted,WiiU,2013,Racing,Electronic Arts,0.13,0.12,0,0.02,0.27,82,19
Sing Party,WiiU,2012,Misc,Nintendo,0.13,0.12,0,0.02,0.27,60,21
Mass Effect 3,WiiU,2012,Role-Playing,Electronic Arts,0.14,0.11,0,0.02,0.27,94,55
Shin Megami Tensei x Fire Emblem,WiiU,2015,Role-Playing,Nintendo,0.12,0.05,0.06,0.02,0.25,81,62
LEGO Marvel's Avengers,WiiU,2016,Action,Warner Bros. Interactive Entertainment,0.12,0.1,0,0.02,0.24,69,4
Game & Wario,WiiU,2013,Misc,Nintendo,0.05,0.06,0.12,0.01,0.23,81,62
Epic Mickey 2: The Power of Two,WiiU,2012,Action,Disney Interactive Studios,0.13,0.07,0.01,0.02,0.23,57,14
Madden NFL 13,WiiU,2012,Sports,Electronic Arts,0.21,0,0,0.02,0.23,75,9
LEGO The Hobbit,WiiU,2014,Action,Warner Bros. Interactive Entertainment,0.09,0.11,0,0.02,0.22,72,47
Disney's Planes,WiiU,2013,Simulation,Disney Interactive Studios,0.14,0.04,0,0.02,0.2,51,10
Guitar Hero Live,WiiU,2015,Misc,Activision,0.12,0.05,0,0.02,0.19,84,4
Injustice: Gods Among Us,WiiU,2013,Fighting,Warner Bros. Interactive Entertainment,0.09,0.08,0,0.02,0.19,82,5
Resident Evil: Revelations,WiiU,2013,Action,Capcom,0.07,0.07,0.03,0.01,0.19,80,19
Taiko no Tatsujin: Wii U Version!,WiiU,2013,Misc,Namco Bandai Games,0,0,0.19,0,0.19,78,22
Tekken Tag Tournament 2,WiiU,2012,Fighting,Namco Bandai Games,0.09,0.07,0.01,0.01,0.18,83,28
Ninja Gaiden 3,WiiU,2012,Action,Nintendo,0.14,0.03,0,0.02,0.18,58,43
Skylanders Imaginators,WiiU,2016,Platform,Activision,0.09,0.08,0,0.02,0.18,76,4
Darksiders II,WiiU,2012,Action,THQ,0.07,0.07,0,0.01,0.15,85,36
Lego Star Wars: The Force Awakens,WiiU,2016,Action,Warner Bros. Interactive Entertainment,0.06,0.07,0.01,0.01,0.15,74,6
Your Shape: Fitness Evolved 2013,WiiU,2012,Action,Ubisoft,0.06,0.07,0,0.01,0.13,76,8
Transformers: Prime,WiiU,2012,Action,Activision,0.09,0.03,0,0.01,0.13,56,16
Watch Dogs,WiiU,2014,Action,Ubisoft,0.07,0.05,0,0.01,0.13,62,15
Game Party: Champions,WiiU,2012,Action,Warner Bros. Interactive Entertainment,0.09,0.03,0,0.01,0.13,24,8
NBA 2K13,WiiU,2012,Sports,Take-Two Interactive,0.07,0.04,0,0.01,0.13,85,17
WipeOut 3 The Game,WiiU,2012,Action,Activision,0.11,0,0,0.01,0.13,40,1
James Bond 007: Legends,WiiU,2012,Shooter,Activision,0.06,0.05,0,0.01,0.12,50,27
Rodea the Sky Soldier,WiiU,2015,Action,Nippon Ichi Software,0.08,0.02,0.01,0.01,0.12,45,31
Marvel Avengers: Battle for Earth,WiiU,2012,Action,Ubisoft,0.06,0.04,0,0.01,0.12,50,10
Tom Clancy's Splinter Cell: Blacklist,WiiU,2013,Action,Ubisoft,0.04,0.07,0,0.01,0.12,75,5
LEGO Batman 2: DC Super Heroes,WiiU,2013,Action,Warner Bros. Interactive Entertainment,0.04,0.06,0,0.01,0.12,77,7
Taiko Drum Master: Tokumori!,WiiU,2014,Misc,Namco Bandai Games,0,0,0.11,0,0.11,70,13
The Walking Dead: Survival Instinct,WiiU,2013,Shooter,Activision,0.08,0.03,0,0.01,0.11,38,13
Fatal Frame: Maiden of Black Water,WiiU,2014,Action,Nintendo,0,0.03,0.08,0,0.11,67,58
Deus Ex: Human Revolution,WiiU,2013,Shooter,Square Enix,0.05,0.05,0,0.01,0.11,90,52
Scribblenauts Unmasked: A DC Comics Adventure,WiiU,2013,Puzzle,Warner Bros. Interactive Entertainment,0.09,0,0,0.01,0.1,71,17
